MODE,BLOCK_SIZE,SIZE,THREADS,TIME,SPEEDUP,EFFICIENCY,VERIFIED,STDDEV
tiled,32,512,2,0.065259,1.9529,0.9764,OK,0.000279
tiled,32,512,4,0.033629,3.7896,0.9474,OK,0.000328
tiled,32,512,8,0.023595,5.4013,0.6752,OK,0.000392
tiled,32,512,12,0.021781,5.8512,0.4876,OK,0.000188
tiled,32,512,16,0.022046,5.7809,0.3613,OK,0.000185
tiled,32,512,20,0.021930,5.8115,0.2906,OK,0.000136
tiled,32,512,24,0.022708,5.6121,0.2338,OK,0.000628
tiled,32,512,32,0.022092,5.7688,0.1803,OK,0.000279
tiled,64,512,2,0.067082,1.8998,0.9499,OK,0.000611
tiled,64,512,4,0.034063,3.7414,0.9354,OK,0.000142
tiled,64,512,8,0.023039,5.5315,0.6914,OK,0.000488
tiled,64,512,12,0.023551,5.4115,0.4510,OK,0.000400
tiled,64,512,16,0.023406,5.4449,0.3403,OK,0.000600
tiled,64,512,20,0.023382,5.4505,0.2725,OK,0.000910
tiled,64,512,24,0.022993,5.5427,0.2309,OK,0.000670
tiled,64,512,32,0.022884,5.5690,0.1740,OK,0.000377
tiled,128,512,2,0.072335,1.7618,0.8809,OK,0.000387
tiled,128,512,4,0.040213,3.1692,0.7923,OK,0.000601
tiled,128,512,8,0.032363,3.9379,0.4922,OK,0.000188
tiled,128,512,12,0.033163,3.8429,0.3202,OK,0.000379
tiled,128,512,16,0.027816,4.5816,0.2863,OK,0.001030
tiled,128,512,20,0.026605,4.7902,0.2395,OK,0.001739
tiled,128,512,24,0.026812,4.7532,0.1980,OK,0.000835
tiled,128,512,32,0.026997,4.7206,0.1475,OK,0.001181
tiled,256,512,2,0.076195,1.6726,0.8363,OK,0.001422
tiled,256,512,4,0.038816,3.2833,0.8208,OK,0.001098
tiled,256,512,8,0.056885,2.2404,0.2800,OK,0.009337
tiled,256,512,12,0.060675,2.1004,0.1750,OK,0.005600
tiled,256,512,16,0.055090,2.3134,0.1446,OK,0.002755
tiled,256,512,20,0.057516,2.2158,0.1108,OK,0.009573
tiled,256,512,24,0.057147,2.2301,0.0929,OK,0.006197
tiled,256,512,32,0.055657,2.2898,0.0716,OK,0.003133
tiled,32,1024,2,0.527704,1.9750,0.9875,OK,0.001518
tiled,32,1024,4,0.284471,3.6636,0.9159,OK,0.039920
tiled,32,1024,8,0.203352,5.1251,0.6406,OK,0.001461
tiled,32,1024,12,0.202083,5.1573,0.4298,OK,0.000521
tiled,32,1024,16,0.203128,5.1307,0.3207,OK,0.001084
tiled,32,1024,20,0.204004,5.1087,0.2554,OK,0.000846
tiled,32,1024,24,0.204411,5.0986,0.2124,OK,0.001335
tiled,32,1024,32,0.207464,5.0235,0.1570,OK,0.000533
tiled,64,1024,2,0.588475,1.7710,0.8855,OK,0.001935
tiled,64,1024,4,0.316168,3.2963,0.8241,OK,0.000673
tiled,64,1024,8,0.224650,4.6392,0.5799,OK,0.001423
tiled,64,1024,12,0.212063,4.9146,0.4095,OK,0.001128
tiled,64,1024,16,0.211572,4.9260,0.3079,OK,0.001846
tiled,64,1024,20,0.217189,4.7986,0.2399,OK,0.020228
tiled,64,1024,24,0.212407,4.9066,0.2044,OK,0.000787
tiled,64,1024,32,0.211085,4.9374,0.1543,OK,0.000870
tiled,128,1024,2,0.640716,1.6266,0.8133,OK,0.002704
tiled,128,1024,4,0.340761,3.0585,0.7646,OK,0.001646
tiled,128,1024,8,0.241109,4.3225,0.5403,OK,0.002281
tiled,128,1024,12,0.237430,4.3895,0.3658,OK,0.009999
tiled,128,1024,16,0.224676,4.6387,0.2899,OK,0.019948
tiled,128,1024,20,0.225754,4.6165,0.2308,OK,0.001571
tiled,128,1024,24,0.225029,4.6314,0.1930,OK,0.001492
tiled,128,1024,32,0.222994,4.6737,0.1461,OK,0.002438
tiled,256,1024,2,0.631729,1.6498,0.8249,OK,0.002062
tiled,256,1024,4,0.330748,3.1510,0.7878,OK,0.000698
tiled,256,1024,8,0.282812,3.6851,0.4606,OK,0.007603
tiled,256,1024,12,0.279397,3.7302,0.3108,OK,0.003773
tiled,256,1024,16,0.256310,4.0662,0.2541,OK,0.006120
tiled,256,1024,20,0.258490,4.0319,0.2016,OK,0.004907
tiled,256,1024,24,0.256961,4.0559,0.1690,OK,0.005439
tiled,256,1024,32,0.265480,3.9257,0.1227,OK,0.023285
tiled,32,2048,2,4.550254,6.8877,3.4438,OK,0.115151
tiled,32,2048,4,2.503120,12.5206,3.1302,OK,0.057315
tiled,32,2048,8,1.733106,18.0835,2.2604,OK,0.011014
tiled,32,2048,12,1.728999,18.1265,1.5105,OK,0.045579
tiled,32,2048,16,1.720346,18.2177,1.1386,OK,0.042276
tiled,32,2048,20,1.722182,18.1982,0.9099,OK,0.037686
tiled,32,2048,24,1.727644,18.1407,0.7559,OK,0.042925
tiled,32,2048,32,1.738148,18.0311,0.5635,OK,0.003513
tiled,64,2048,2,4.837380,6.4789,3.2394,OK,0.117534
tiled,64,2048,4,2.495970,12.5565,3.1391,OK,0.080206
tiled,64,2048,8,1.824326,17.1793,2.1474,OK,0.006903
tiled,64,2048,12,1.708127,18.3480,1.5290,OK,0.007767
tiled,64,2048,16,1.710106,18.3268,1.1454,OK,0.041167
tiled,64,2048,20,1.716310,18.2605,0.9130,OK,0.030042
tiled,64,2048,24,1.713440,18.2911,0.7621,OK,0.003800
tiled,64,2048,32,1.714950,18.2750,0.5711,OK,0.030171
tiled,128,2048,2,4.899635,6.3965,3.1983,OK,0.136052
tiled,128,2048,4,2.621880,11.9535,2.9884,OK,0.085386
tiled,128,2048,8,1.881943,16.6534,2.0817,OK,0.015094
tiled,128,2048,12,1.830022,17.1259,1.4272,OK,0.046999
tiled,128,2048,16,1.821170,17.2091,1.0756,OK,0.010880
tiled,128,2048,20,1.821885,17.2023,0.8601,OK,0.042809
tiled,128,2048,24,1.824946,17.1735,0.7156,OK,0.042760
tiled,128,2048,32,1.834176,17.0871,0.5340,OK,0.030698
tiled,256,2048,2,5.114407,6.1279,3.0640,OK,0.129993
tiled,256,2048,4,2.766701,11.3278,2.8320,OK,0.072880
tiled,256,2048,8,1.962327,15.9712,1.9964,OK,0.059448
tiled,256,2048,12,1.968153,15.9239,1.3270,OK,0.008452
tiled,256,2048,16,2.039656,15.3657,0.9604,OK,0.027492
tiled,256,2048,20,2.053900,15.2591,0.7630,OK,0.037003
tiled,256,2048,24,2.042100,15.3473,0.6395,OK,0.049488
tiled,256,2048,32,2.002893,15.6477,0.4890,OK,0.045955
MODE,BLOCK_SIZE,SIZE,THREADS,TIME,SPEEDUP,EFFICIENCY,VERIFIED,STDDEV
tiled_opt,32,512,2,0.013248,12.2096,6.1048,OK,0.000245
tiled_opt,32,512,4,0.006661,24.2859,6.0715,OK,0.000224
tiled_opt,32,512,8,0.006632,24.3917,3.0490,OK,0.000346
tiled_opt,32,512,12,0.005573,29.0255,2.4188,OK,0.000414
tiled_opt,32,512,16,0.006391,25.3108,1.5819,OK,0.000494
tiled_opt,32,512,20,0.006390,25.3124,1.2656,OK,0.000474
tiled_opt,32,512,24,0.006447,25.0896,1.0454,OK,0.000104
tiled_opt,32,512,32,0.006432,25.1478,0.7859,OK,0.000581
tiled_opt,64,512,2,0.009492,17.0423,8.5211,OK,0.000441
tiled_opt,64,512,4,0.004895,33.0427,8.2607,OK,0.000254
tiled_opt,64,512,8,0.004630,34.9376,4.3672,OK,0.000064
tiled_opt,64,512,12,0.004264,37.9319,3.1610,OK,0.000178
tiled_opt,64,512,16,0.005179,31.2338,1.9521,OK,0.000364
tiled_opt,64,512,20,0.004768,33.9221,1.6961,OK,0.002654
tiled_opt,64,512,24,0.004654,34.7574,1.4482,OK,0.000035
tiled_opt,64,512,32,0.004689,34.5006,1.0781,OK,0.000582
tiled_opt,128,512,2,0.009197,17.5873,8.7937,OK,0.000445
tiled_opt,128,512,4,0.004117,39.2937,9.8234,OK,0.000165
tiled_opt,128,512,8,0.007686,21.0448,2.6306,OK,0.000739
tiled_opt,128,512,12,0.006867,23.5558,1.9630,OK,0.000301
tiled_opt,128,512,16,0.007133,22.6761,1.4173,OK,0.000946
tiled_opt,128,512,20,0.006523,24.7997,1.2400,OK,0.000826
tiled_opt,128,512,24,0.006834,23.6705,0.9863,OK,0.001016
tiled_opt,128,512,32,0.006365,25.4127,0.7941,OK,0.001154
tiled_opt,256,512,2,0.009627,16.8027,8.4014,OK,0.000158
tiled_opt,256,512,4,0.009182,17.6172,4.4043,OK,0.000391
tiled_opt,256,512,8,0.011421,14.1630,1.7704,OK,0.001324
tiled_opt,256,512,12,0.012120,13.3464,1.1122,OK,0.001746
tiled_opt,256,512,16,0.009196,17.5895,1.0993,OK,0.001564
tiled_opt,256,512,20,0.009791,16.5213,0.8261,OK,0.001785
tiled_opt,256,512,24,0.009030,17.9137,0.7464,OK,0.000822
tiled_opt,256,512,32,0.009668,16.7314,0.5229,OK,0.001486
tiled_opt,32,1024,2,0.105976,11.3725,5.6862,OK,0.000484
tiled_opt,32,1024,4,0.056318,21.4001,5.3500,OK,0.000567
tiled_opt,32,1024,8,0.041058,29.3538,3.6692,OK,0.000478
tiled_opt,32,1024,12,0.041306,29.1773,2.4314,OK,0.001556
tiled_opt,32,1024,16,0.040624,29.6673,1.8542,OK,0.001432
tiled_opt,32,1024,20,0.041091,29.3302,1.4665,OK,0.002329
tiled_opt,32,1024,24,0.046890,25.7030,1.0710,OK,0.001609
tiled_opt,32,1024,32,0.042849,28.1271,0.8790,OK,0.003291
tiled_opt,64,1024,2,0.077067,15.6385,7.8193,OK,0.002725
tiled_opt,64,1024,4,0.050610,23.8138,5.9534,OK,0.000033
tiled_opt,64,1024,8,0.044736,26.9406,3.3676,OK,0.004277
tiled_opt,64,1024,12,0.039542,30.4789,2.5399,OK,0.000989
tiled_opt,64,1024,16,0.030825,39.0985,2.4437,OK,0.001724
tiled_opt,64,1024,20,0.031001,38.8766,1.9438,OK,0.001388
tiled_opt,64,1024,24,0.031108,38.7433,1.6143,OK,0.001274
tiled_opt,64,1024,32,0.032712,36.8430,1.1513,OK,0.001721
tiled_opt,128,1024,2,0.075851,15.8893,7.9446,OK,0.000287
tiled_opt,128,1024,4,0.041899,28.7647,7.1912,OK,0.000174
tiled_opt,128,1024,8,0.032636,36.9283,4.6160,OK,0.000774
tiled_opt,128,1024,12,0.032873,36.6622,3.0552,OK,0.002318
tiled_opt,128,1024,16,0.030304,39.7703,2.4856,OK,0.001656
tiled_opt,128,1024,20,0.031003,38.8744,1.9437,OK,0.001564
tiled_opt,128,1024,24,0.030799,39.1309,1.6305,OK,0.001503
tiled_opt,128,1024,32,0.032115,37.5281,1.1728,OK,0.006744
tiled_opt,256,1024,2,0.076349,15.7854,7.8927,OK,0.000110
tiled_opt,256,1024,4,0.041364,29.1365,7.2841,OK,0.000402
tiled_opt,256,1024,8,0.054693,22.0359,2.7545,OK,0.004679
tiled_opt,256,1024,12,0.054365,22.1690,1.8474,OK,0.005889
tiled_opt,256,1024,16,0.051395,23.4499,1.4656,OK,0.001835
tiled_opt,256,1024,20,0.049672,24.2634,1.2132,OK,0.003060
tiled_opt,256,1024,24,0.050889,23.6831,0.9868,OK,0.003424
tiled_opt,256,1024,32,0.051494,23.4046,0.7314,OK,0.003002
tiled_opt,32,2048,2,0.786962,39.4752,19.7376,OK,0.001882
tiled_opt,32,2048,4,0.414246,74.9928,18.7482,OK,0.042731
tiled_opt,32,2048,8,0.318518,97.5312,12.1914,OK,0.001103
tiled_opt,32,2048,12,0.321701,96.5663,8.0472,OK,0.002865
tiled_opt,32,2048,16,0.311355,99.7751,6.2359,OK,0.003441
tiled_opt,32,2048,20,0.313485,99.0971,4.9549,OK,0.002898
tiled_opt,32,2048,24,0.315833,98.3604,4.0983,OK,0.003169
tiled_opt,32,2048,32,0.316212,98.2425,3.0701,OK,0.003388
tiled_opt,64,2048,2,0.641690,48.4120,24.2060,OK,0.018832
tiled_opt,64,2048,4,0.332537,93.4196,23.3549,OK,0.003823
tiled_opt,64,2048,8,0.236170,131.5387,16.4423,OK,0.017099
tiled_opt,64,2048,12,0.257336,120.7195,10.0600,OK,0.005831
tiled_opt,64,2048,16,0.249315,124.6034,7.7877,OK,0.002245
tiled_opt,64,2048,20,0.249896,124.3137,6.2157,OK,0.003792
tiled_opt,64,2048,24,0.251321,123.6088,5.1504,OK,0.004690
tiled_opt,64,2048,32,0.240747,129.0376,4.0324,OK,0.003543
tiled_opt,128,2048,2,0.595319,52.1829,26.0914,OK,0.002356
tiled_opt,128,2048,4,0.307141,101.1439,25.2860,OK,0.000887
tiled_opt,128,2048,8,0.264339,117.5212,14.6901,OK,0.021879
tiled_opt,128,2048,12,0.237213,130.9600,10.9133,OK,0.004000
tiled_opt,128,2048,16,0.235504,131.9106,8.2444,OK,0.011140
tiled_opt,128,2048,20,0.226866,136.9331,6.8467,OK,0.006451
tiled_opt,128,2048,24,0.230608,134.7108,5.6130,OK,0.009532
tiled_opt,128,2048,32,0.239231,129.8555,4.0580,OK,0.007346
tiled_opt,256,2048,2,0.620113,50.0964,25.0482,OK,0.002835
tiled_opt,256,2048,4,0.348274,89.1982,22.2995,OK,0.001731
tiled_opt,256,2048,8,0.270252,114.9500,14.3688,OK,0.006599
tiled_opt,256,2048,12,0.269085,115.4486,9.6207,OK,0.023175
tiled_opt,256,2048,16,0.274077,113.3457,7.0841,OK,0.010174
tiled_opt,256,2048,20,0.265377,117.0617,5.8531,OK,0.005759
tiled_opt,256,2048,24,0.265833,116.8607,4.8692,OK,0.009235
tiled_opt,256,2048,32,0.272322,114.0761,3.5649,OK,0.014141
